date,rainfall_mm,station
2024-01-01,4.5,NAMANVE-GRID
2024-01-02,0.0,NAMANVE-GRID
2024-01-03,0.0,NAMANVE-GRID
2024-01-04,0.0,NAMANVE-GRID
2024-01-05,0.0,NAMANVE-GRID
2024-01-06,2.5,NAMANVE-GRID
2024-01-07,0.0,NAMANVE-GRID
2024-01-08,0.0,NAMANVE-GRID
2024-01-09,0.0,NAMANVE-GRID
2024-01-10,0.0,NAMANVE-GRID
2024-01-11,0.0,NAMANVE-GRID
2024-01-12,0.0,NAMANVE-GRID
2024-01-13,0.0,NAMANVE-GRID
2024-01-14,0.0,NAMANVE-GRID
2024-01-15,0.0,NAMANVE-GRID
2024-01-16,0.0,NAMANVE-GRID
2024-01-17,0.0,NAMANVE-GRID
2024-01-18,0.0,NAMANVE-GRID
2024-01-19,0.0,NAMANVE-GRID
2024-01-20,6.6,NAMANVE-GRID
2024-01-21,12.0,NAMANVE-GRID
2024-01-22,0.0,NAMANVE-GRID
2024-01-23,0.0,NAMANVE-GRID
2024-01-24,0.0,NAMANVE-GRID
2024-01-25,0.0,NAMANVE-GRID
2024-01-26,0.0,NAMANVE-GRID
2024-01-27,0.0,NAMANVE-GRID
2024-01-28,0.0,NAMANVE-GRID
2024-01-29,0.0,NAMANVE-GRID
2024-01-30,0.0,NAMANVE-GRID
2024-01-31,0.0,NAMANVE-GRID
2024-02-01,0.0,NAMANVE-GRID
2024-02-02,0.0,NAMANVE-GRID
2024-02-03,0.0,NAMANVE-GRID
2024-02-04,0.0,NAMANVE-GRID
2024-02-05,0.0,NAMANVE-GRID
2024-02-06,15.0,NAMANVE-GRID
2024-02-07,24.7,NAMANVE-GRID
2024-02-08,0.0,NAMANVE-GRID
2024-02-09,0.0,NAMANVE-GRID
2024-02-10,0.0,NAMANVE-GRID
2024-02-11,0.0,NAMANVE-GRID
2024-02-12,0.0,NAMANVE-GRID
2024-02-13,0.0,NAMANVE-GRID
2024-02-14,0.0,NAMANVE-GRID
2024-02-15,0.0,NAMANVE-GRID
2024-02-16,2.8,NAMANVE-GRID
2024-02-17,0.0,NAMANVE-GRID
2024-02-18,0.0,NAMANVE-GRID
2024-02-19,2.0,NAMANVE-GRID
2024-02-20,1.0,NAMANVE-GRID
2024-02-21,0.0,NAMANVE-GRID
2024-02-22,0.0,NAMANVE-GRID
2024-02-23,0.0,NAMANVE-GRID
2024-02-24,0.0,NAMANVE-GRID
2024-02-25,0.0,NAMANVE-GRID
2024-02-26,0.0,NAMANVE-GRID
2024-02-27,0.0,NAMANVE-GRID
2024-02-28,25.8,NAMANVE-GRID
2024-02-29,0.0,NAMANVE-GRID
2024-03-01,5.8,NAMANVE-GRID
2024-03-02,5.6,NAMANVE-GRID
2024-03-03,7.4,NAMANVE-GRID
2024-03-04,1.0,NAMANVE-GRID
2024-03-05,0.0,NAMANVE-GRID
2024-03-06,0.0,NAMANVE-GRID
2024-03-07,0.0,NAMANVE-GRID
2024-03-08,0.0,NAMANVE-GRID
2024-03-09,7.9,NAMANVE-GRID
2024-03-10,9.1,NAMANVE-GRID
2024-03-11,0.0,NAMANVE-GRID
2024-03-12,0.0,NAMANVE-GRID
2024-03-13,0.0,NAMANVE-GRID
2024-03-14,4.5,NAMANVE-GRID
2024-03-15,0.0,NAMANVE-GRID
2024-03-16,11.8,NAMANVE-GRID
2024-03-17,2.3,NAMANVE-GRID
2024-03-18,0.0,NAMANVE-GRID
2024-03-19,0.0,NAMANVE-GRID
2024-03-20,0.0,NAMANVE-GRID
2024-03-21,1.3,NAMANVE-GRID
2024-03-22,11.2,NAMANVE-GRID
2024-03-23,2.8,NAMANVE-GRID
2024-03-24,0.0,NAMANVE-GRID
2024-03-25,0.0,NAMANVE-GRID
2024-03-26,0.0,NAMANVE-GRID
2024-03-27,4.9,NAMANVE-GRID
2024-03-28,0.0,NAMANVE-GRID
2024-03-29,15.6,NAMANVE-GRID
2024-03-30,40.4,NAMANVE-GRID
2024-03-31,0.0,NAMANVE-GRID
2024-04-01,0.8,NAMANVE-GRID
2024-04-02,0.0,NAMANVE-GRID
2024-04-03,34.7,NAMANVE-GRID
2024-04-04,0.0,NAMANVE-GRID
2024-04-05,10.7,NAMANVE-GRID
2024-04-06,,NAMANVE-GRID
2024-04-07,0.8,NAMANVE-GRID
2024-04-08,14.5,NAMANVE-GRID
2024-04-09,81.1,NAMANVE-GRID
2024-04-10,70.5,NAMANVE-GRID
2024-04-11,0.0,NAMANVE-GRID
2024-04-12,0.0,NAMANVE-GRID
2024-04-13,31.0,NAMANVE-GRID
2024-04-14,0.0,NAMANVE-GRID
2024-04-15,28.9,NAMANVE-GRID
2024-04-16,0.0,NAMANVE-GRID
2024-04-17,0.0,NAMANVE-GRID
2024-04-18,9.1,NAMANVE-GRID
2024-04-19,16.5,NAMANVE-GRID
2024-04-20,18.4,NAMANVE-GRID
2024-04-21,6.8,NAMANVE-GRID
2024-04-22,0.0,NAMANVE-GRID
2024-04-23,5.5,NAMANVE-GRID
2024-04-24,0.0,NAMANVE-GRID
2024-04-25,0.0,NAMANVE-GRID
2024-04-26,18.8,NAMANVE-GRID
2024-04-27,0.0,NAMANVE-GRID
2024-04-28,0.8,NAMANVE-GRID
2024-04-29,0.0,NAMANVE-GRID
2024-04-30,4.2,NAMANVE-GRID
2024-05-01,7.8,NAMANVE-GRID
2024-05-02,0.0,NAMANVE-GRID
2024-05-03,,NAMANVE-GRID
2024-05-04,16.4,NAMANVE-GRID
2024-05-05,0.0,NAMANVE-GRID
2024-05-06,11.1,NAMANVE-GRID
2024-05-07,0.0,NAMANVE-GRID
2024-05-08,0.0,NAMANVE-GRID
2024-05-09,0.0,NAMANVE-GRID
2024-05-10,0.0,NAMANVE-GRID
2024-05-11,3.1,NAMANVE-GRID
2024-05-12,0.0,NAMANVE-GRID
2024-05-13,0.5,NAMANVE-GRID
2024-05-14,0.0,NAMANVE-GRID
2024-05-15,11.1,NAMANVE-GRID
2024-05-16,0.0,NAMANVE-GRID
2024-05-17,0.0,NAMANVE-GRID
2024-05-18,5.9,NAMANVE-GRID
2024-05-19,29.7,NAMANVE-GRID
2024-05-20,1.2,NAMANVE-GRID
2024-05-21,12.3,NAMANVE-GRID
2024-05-22,0.0,NAMANVE-GRID
2024-05-23,14.6,NAMANVE-GRID
2024-05-24,0.0,NAMANVE-GRID
2024-05-25,0.0,NAMANVE-GRID
2024-05-26,0.9,NAMANVE-GRID
2024-05-27,0.0,NAMANVE-GRID
2024-05-28,6.6,NAMANVE-GRID
2024-05-29,0.0,NAMANVE-GRID
2024-05-30,1.3,NAMANVE-GRID
2024-05-31,0.0,NAMANVE-GRID
2024-06-01,0.0,NAMANVE-GRID
2024-06-02,0.0,NAMANVE-GRID
2024-06-03,0.0,NAMANVE-GRID
2024-06-04,0.1,NAMANVE-GRID
2024-06-05,0.0,NAMANVE-GRID
2024-06-06,0.0,NAMANVE-GRID
2024-06-07,4.8,NAMANVE-GRID
2024-06-08,0.0,NAMANVE-GRID
2024-06-09,0.0,NAMANVE-GRID
2024-06-10,0.0,NAMANVE-GRID
2024-06-11,0.0,NAMANVE-GRID
2024-06-12,0.0,NAMANVE-GRID
2024-06-13,0.0,NAMANVE-GRID
2024-06-14,0.0,NAMANVE-GRID
2024-06-15,0.0,NAMANVE-GRID
2024-06-16,0.0,NAMANVE-GRID
2024-06-17,0.0,NAMANVE-GRID
2024-06-18,4.2,NAMANVE-GRID
2024-06-19,0.0,NAMANVE-GRID
2024-06-20,0.0,NAMANVE-GRID
2024-06-21,0.0,NAMANVE-GRID
2024-06-22,4.3,NAMANVE-GRID
2024-06-23,0.0,NAMANVE-GRID
2024-06-24,0.0,NAMANVE-GRID
2024-06-25,0.0,NAMANVE-GRID
2024-06-26,1.6,NAMANVE-GRID
2024-06-27,0.0,NAMANVE-GRID
2024-06-28,0.0,NAMANVE-GRID
2024-06-29,0.0,NAMANVE-GRID
2024-06-30,5.4,NAMANVE-GRID
2024-07-01,0.8,NAMANVE-GRID
2024-07-02,0.0,NAMANVE-GRID
2024-07-03,0.0,NAMANVE-GRID
2024-07-04,0.0,NAMANVE-GRID
2024-07-05,0.0,NAMANVE-GRID
2024-07-06,0.0,NAMANVE-GRID
2024-07-07,0.0,NAMANVE-GRID
2024-07-08,0.0,NAMANVE-GRID
2024-07-09,0.0,NAMANVE-GRID
2024-07-10,0.0,NAMANVE-GRID
2024-07-11,0.0,NAMANVE-GRID
2024-07-12,0.0,NAMANVE-GRID
2024-07-13,0.0,NAMANVE-GRID
2024-07-14,0.0,NAMANVE-GRID
2024-07-15,0.0,NAMANVE-GRID
2024-07-16,0.0,NAMANVE-GRID
2024-07-17,0.0,NAMANVE-GRID
2024-07-18,0.0,NAMANVE-GRID
2024-07-19,0.0,NAMANVE-GRID
2024-07-20,0.0,NAMANVE-GRID
2024-07-21,0.0,NAMANVE-GRID
2024-07-22,0.0,NAMANVE-GRID
2024-07-23,2.6,NAMANVE-GRID
2024-07-24,0.0,NAMANVE-GRID
2024-07-25,0.0,NAMANVE-GRID
2024-07-26,0.0,NAMANVE-GRID
2024-07-27,5.6,NAMANVE-GRID
2024-07-28,0.0,NAMANVE-GRID
2024-07-29,2.0,NAMANVE-GRID
2024-07-30,0.0,NAMANVE-GRID
2024-07-31,0.0,NAMANVE-GRID
2024-08-01,0.0,NAMANVE-GRID
2024-08-02,6.4,NAMANVE-GRID
2024-08-03,3.1,NAMANVE-GRID
2024-08-04,0.0,NAMANVE-GRID
2024-08-05,0.0,NAMANVE-GRID
2024-08-06,0.0,NAMANVE-GRID
2024-08-07,0.9,NAMANVE-GRID
2024-08-08,0.0,NAMANVE-GRID
2024-08-09,11.2,NAMANVE-GRID
2024-08-10,0.0,NAMANVE-GRID
2024-08-11,6.0,NAMANVE-GRID
2024-08-12,2.2,NAMANVE-GRID
2024-08-13,0.0,NAMANVE-GRID
2024-08-14,0.0,NAMANVE-GRID
2024-08-15,2.1,NAMANVE-GRID
2024-08-16,,NAMANVE-GRID
2024-08-17,3.9,NAMANVE-GRID
2024-08-18,0.0,NAMANVE-GRID
2024-08-19,0.0,NAMANVE-GRID
2024-08-20,0.0,NAMANVE-GRID
2024-08-21,0.0,NAMANVE-GRID
2024-08-22,11.1,NAMANVE-GRID
2024-08-23,0.0,NAMANVE-GRID
2024-08-24,4.5,NAMANVE-GRID
2024-08-25,2.1,NAMANVE-GRID
2024-08-26,0.0,NAMANVE-GRID
2024-08-27,0.0,NAMANVE-GRID
2024-08-28,0.0,NAMANVE-GRID
2024-08-29,0.0,NAMANVE-GRID
2024-08-30,0.0,NAMANVE-GRID
2024-08-31,0.0,NAMANVE-GRID
2024-09-01,3.5,NAMANVE-GRID
2024-09-02,0.0,NAMANVE-GRID
2024-09-03,1.2,NAMANVE-GRID
2024-09-04,0.0,NAMANVE-GRID
2024-09-05,0.0,NAMANVE-GRID
2024-09-06,0.0,NAMANVE-GRID
2024-09-07,28.0,NAMANVE-GRID
2024-09-08,3.2,NAMANVE-GRID
2024-09-09,0.0,NAMANVE-GRID
2024-09-10,21.2,NAMANVE-GRID
2024-09-11,4.6,NAMANVE-GRID
2024-09-12,11.0,NAMANVE-GRID
2024-09-13,0.0,NAMANVE-GRID
2024-09-14,0.0,NAMANVE-GRID
2024-09-15,,NAMANVE-GRID
2024-09-16,0.0,NAMANVE-GRID
2024-09-17,1.3,NAMANVE-GRID
2024-09-18,13.1,NAMANVE-GRID
2024-09-19,0.0,NAMANVE-GRID
2024-09-20,1.8,NAMANVE-GRID
2024-09-21,5.7,NAMANVE-GRID
2024-09-22,0.0,NAMANVE-GRID
2024-09-23,10.4,NAMANVE-GRID
2024-09-24,0.0,NAMANVE-GRID
2024-09-25,7.7,NAMANVE-GRID
2024-09-26,0.0,NAMANVE-GRID
2024-09-27,7.2,NAMANVE-GRID
2024-09-28,0.0,NAMANVE-GRID
2024-09-29,6.4,NAMANVE-GRID
2024-09-30,0.0,NAMANVE-GRID
2024-10-01,0.0,NAMANVE-GRID
2024-10-02,0.0,NAMANVE-GRID
2024-10-03,3.7,NAMANVE-GRID
2024-10-04,2.0,NAMANVE-GRID
2024-10-05,30.8,NAMANVE-GRID
2024-10-06,0.9,NAMANVE-GRID
2024-10-07,9.4,NAMANVE-GRID
2024-10-08,0.0,NAMANVE-GRID
2024-10-09,0.0,NAMANVE-GRID
2024-10-10,0.0,NAMANVE-GRID
2024-10-11,2.1,NAMANVE-GRID
2024-10-12,0.8,NAMANVE-GRID
2024-10-13,0.0,NAMANVE-GRID
2024-10-14,1.4,NAMANVE-GRID
2024-10-15,30.9,NAMANVE-GRID
2024-10-16,0.0,NAMANVE-GRID
2024-10-17,19.7,NAMANVE-GRID
2024-10-18,0.0,NAMANVE-GRID
2024-10-19,1.6,NAMANVE-GRID
2024-10-20,1.6,NAMANVE-GRID
2024-10-21,13.4,NAMANVE-GRID
2024-10-22,0.0,NAMANVE-GRID
2024-10-23,19.9,NAMANVE-GRID
2024-10-24,0.0,NAMANVE-GRID
2024-10-25,14.0,NAMANVE-GRID
2024-10-26,4.0,NAMANVE-GRID
2024-10-27,0.0,NAMANVE-GRID
2024-10-28,6.1,NAMANVE-GRID
2024-10-29,0.0,NAMANVE-GRID
2024-10-30,10.2,NAMANVE-GRID
2024-10-31,0.9,NAMANVE-GRID
2024-11-01,0.0,NAMANVE-GRID
2024-11-02,0.0,NAMANVE-GRID
2024-11-03,19.2,NAMANVE-GRID
2024-11-04,0.0,NAMANVE-GRID
2024-11-05,0.0,NAMANVE-GRID
2024-11-06,4.8,NAMANVE-GRID
2024-11-07,10.5,NAMANVE-GRID
2024-11-08,1.9,NAMANVE-GRID
2024-11-09,10.4,NAMANVE-GRID
2024-11-10,0.0,NAMANVE-GRID
2024-11-11,0.0,NAMANVE-GRID
2024-11-12,0.0,NAMANVE-GRID
2024-11-13,0.0,NAMANVE-GRID
2024-11-14,5.8,NAMANVE-GRID
2024-11-15,2.9,NAMANVE-GRID
2024-11-16,0.0,NAMANVE-GRID
2024-11-17,0.0,NAMANVE-GRID
2024-11-18,8.7,NAMANVE-GRID
2024-11-19,8.9,NAMANVE-GRID
2024-11-20,26.5,NAMANVE-GRID
2024-11-21,0.0,NAMANVE-GRID
2024-11-22,10.9,NAMANVE-GRID
2024-11-23,0.0,NAMANVE-GRID
2024-11-24,12.6,NAMANVE-GRID
2024-11-25,7.7,NAMANVE-GRID
2024-11-26,18.0,NAMANVE-GRID
2024-11-27,0.0,NAMANVE-GRID
2024-11-28,2.8,NAMANVE-GRID
2024-11-29,0.0,NAMANVE-GRID
2024-11-30,19.9,NAMANVE-GRID
2024-12-01,0.0,NAMANVE-GRID
2024-12-02,0.0,NAMANVE-GRID
2024-12-03,0.0,NAMANVE-GRID
2024-12-04,0.0,NAMANVE-GRID
2024-12-05,0.8,NAMANVE-GRID
2024-12-06,0.0,NAMANVE-GRID
2024-12-07,0.0,NAMANVE-GRID
2024-12-08,0.0,NAMANVE-GRID
2024-12-09,0.0,NAMANVE-GRID
2024-12-10,0.0,NAMANVE-GRID
2024-12-11,4.5,NAMANVE-GRID
2024-12-12,0.0,NAMANVE-GRID
2024-12-13,6.8,NAMANVE-GRID
2024-12-14,0.0,NAMANVE-GRID
2024-12-15,0.0,NAMANVE-GRID
2024-12-16,0.0,NAMANVE-GRID
2024-12-17,0.0,NAMANVE-GRID
2024-12-18,0.0,NAMANVE-GRID
2024-12-19,5.9,NAMANVE-GRID
2024-12-20,0.5,NAMANVE-GRID
2024-12-21,0.0,NAMANVE-GRID
2024-12-22,0.0,NAMANVE-GRID
2024-12-23,0.0,NAMANVE-GRID
2024-12-24,5.3,NAMANVE-GRID
2024-12-25,0.0,NAMANVE-GRID
2024-12-26,7.0,NAMANVE-GRID
2024-12-27,0.0,NAMANVE-GRID
2024-12-28,0.0,NAMANVE-GRID
2024-12-29,0.0,NAMANVE-GRID
2024-12-30,0.0,NAMANVE-GRID
2024-12-31,0.0,NAMANVE-GRID
2025-01-01,0.0,NAMANVE-GRID
2025-01-02,0.0,NAMANVE-GRID
2025-01-03,3.5,NAMANVE-GRID
2025-01-04,0.0,NAMANVE-GRID
2025-01-05,0.0,NAMANVE-GRID
2025-01-06,0.0,NAMANVE-GRID
2025-01-07,0.0,NAMANVE-GRID
2025-01-08,,NAMANVE-GRID
2025-01-09,0.0,NAMANVE-GRID
2025-01-10,0.0,NAMANVE-GRID
2025-01-11,0.3,NAMANVE-GRID
2025-01-12,1.2,NAMANVE-GRID
2025-01-13,0.0,NAMANVE-GRID
2025-01-14,0.0,NAMANVE-GRID
2025-01-15,0.0,NAMANVE-GRID
2025-01-16,0.0,NAMANVE-GRID
2025-01-17,0.0,NAMANVE-GRID
2025-01-18,0.0,NAMANVE-GRID
2025-01-19,0.0,NAMANVE-GRID
2025-01-20,0.0,NAMANVE-GRID
2025-01-21,0.0,NAMANVE-GRID
2025-01-22,0.8,NAMANVE-GRID
2025-01-23,0.0,NAMANVE-GRID
2025-01-24,0.0,NAMANVE-GRID
2025-01-25,0.0,NAMANVE-GRID
2025-01-26,0.0,NAMANVE-GRID
2025-01-27,0.0,NAMANVE-GRID
2025-01-28,0.0,NAMANVE-GRID
2025-01-29,0.0,NAMANVE-GRID
2025-01-30,0.0,NAMANVE-GRID
2025-01-31,11.6,NAMANVE-GRID
2025-02-01,0.0,NAMANVE-GRID
2025-02-02,0.0,NAMANVE-GRID
2025-02-03,0.0,NAMANVE-GRID
2025-02-04,0.0,NAMANVE-GRID
2025-02-05,0.0,NAMANVE-GRID
2025-02-06,0.0,NAMANVE-GRID
2025-02-07,22.6,NAMANVE-GRID
2025-02-08,0.0,NAMANVE-GRID
2025-02-09,4.9,NAMANVE-GRID
2025-02-10,0.0,NAMANVE-GRID
2025-02-11,0.0,NAMANVE-GRID
2025-02-12,20.6,NAMANVE-GRID
2025-02-13,0.0,NAMANVE-GRID
2025-02-14,0.0,NAMANVE-GRID
2025-02-15,0.0,NAMANVE-GRID
2025-02-16,0.0,NAMANVE-GRID
2025-02-17,,NAMANVE-GRID
2025-02-18,0.0,NAMANVE-GRID
2025-02-19,0.0,NAMANVE-GRID
2025-02-20,0.0,NAMANVE-GRID
2025-02-21,0.0,NAMANVE-GRID
2025-02-22,0.0,NAMANVE-GRID
2025-02-23,0.0,NAMANVE-GRID
2025-02-24,2.3,NAMANVE-GRID
2025-02-25,0.0,NAMANVE-GRID
2025-02-26,0.0,NAMANVE-GRID
2025-02-27,0.0,NAMANVE-GRID
2025-02-28,0.0,NAMANVE-GRID
2025-03-01,0.0,NAMANVE-GRID
2025-03-02,27.9,NAMANVE-GRID
2025-03-03,0.0,NAMANVE-GRID
2025-03-04,0.0,NAMANVE-GRID
2025-03-05,0.0,NAMANVE-GRID
2025-03-06,8.6,NAMANVE-GRID
2025-03-07,0.0,NAMANVE-GRID
2025-03-08,1.0,NAMANVE-GRID
2025-03-09,2.8,NAMANVE-GRID
2025-03-10,0.0,NAMANVE-GRID
2025-03-11,0.0,NAMANVE-GRID
2025-03-12,0.0,NAMANVE-GRID
2025-03-13,0.0,NAMANVE-GRID
2025-03-14,0.0,NAMANVE-GRID
2025-03-15,0.0,NAMANVE-GRID
2025-03-16,0.0,NAMANVE-GRID
2025-03-17,0.0,NAMANVE-GRID
2025-03-18,0.0,NAMANVE-GRID
2025-03-19,2.9,NAMANVE-GRID
2025-03-20,0.0,NAMANVE-GRID
2025-03-21,0.0,NAMANVE-GRID
2025-03-22,0.0,NAMANVE-GRID
2025-03-23,0.0,NAMANVE-GRID
2025-03-24,8.7,NAMANVE-GRID
2025-03-25,0.0,NAMANVE-GRID
2025-03-26,0.0,NAMANVE-GRID
2025-03-27,0.0,NAMANVE-GRID
2025-03-28,0.0,NAMANVE-GRID
2025-03-29,0.0,NAMANVE-GRID
2025-03-30,0.0,NAMANVE-GRID
2025-03-31,0.0,NAMANVE-GRID
2025-04-01,12.0,NAMANVE-GRID
2025-04-02,0.0,NAMANVE-GRID
2025-04-03,0.0,NAMANVE-GRID
2025-04-04,8.0,NAMANVE-GRID
2025-04-05,24.9,NAMANVE-GRID
2025-04-06,0.0,NAMANVE-GRID
2025-04-07,0.0,NAMANVE-GRID
2025-04-08,2.4,NAMANVE-GRID
2025-04-09,6.1,NAMANVE-GRID
2025-04-10,0.0,NAMANVE-GRID
2025-04-11,34.5,NAMANVE-GRID
2025-04-12,0.0,NAMANVE-GRID
2025-04-13,0.0,NAMANVE-GRID
2025-04-14,0.0,NAMANVE-GRID
2025-04-15,0.0,NAMANVE-GRID
2025-04-16,13.0,NAMANVE-GRID
2025-04-17,12.0,NAMANVE-GRID
2025-04-18,22.7,NAMANVE-GRID
2025-04-19,0.0,NAMANVE-GRID
2025-04-20,7.4,NAMANVE-GRID
2025-04-21,15.5,NAMANVE-GRID
2025-04-22,0.0,NAMANVE-GRID
2025-04-23,22.0,NAMANVE-GRID
2025-04-24,,NAMANVE-GRID
2025-04-25,22.4,NAMANVE-GRID
2025-04-26,,NAMANVE-GRID
2025-04-27,3.7,NAMANVE-GRID
2025-04-28,0.0,NAMANVE-GRID
2025-04-29,0.0,NAMANVE-GRID
2025-04-30,7.7,NAMANVE-GRID
2025-05-01,12.7,NAMANVE-GRID
2025-05-02,0.6,NAMANVE-GRID
2025-05-03,0.0,NAMANVE-GRID
2025-05-04,,NAMANVE-GRID
2025-05-05,0.0,NAMANVE-GRID
2025-05-06,1.6,NAMANVE-GRID
2025-05-07,11.5,NAMANVE-GRID
2025-05-08,2.0,NAMANVE-GRID
2025-05-09,0.0,NAMANVE-GRID
2025-05-10,0.0,NAMANVE-GRID
2025-05-11,3.9,NAMANVE-GRID
2025-05-12,8.9,NAMANVE-GRID
2025-05-13,14.5,NAMANVE-GRID
2025-05-14,0.0,NAMANVE-GRID
2025-05-15,0.0,NAMANVE-GRID
2025-05-16,19.8,NAMANVE-GRID
2025-05-17,34.0,NAMANVE-GRID
2025-05-18,3.0,NAMANVE-GRID
2025-05-19,0.0,NAMANVE-GRID
2025-05-20,0.0,NAMANVE-GRID
2025-05-21,0.0,NAMANVE-GRID
2025-05-22,0.0,NAMANVE-GRID
2025-05-23,0.0,NAMANVE-GRID
2025-05-24,0.0,NAMANVE-GRID
2025-05-25,0.0,NAMANVE-GRID
2025-05-26,0.0,NAMANVE-GRID
2025-05-27,0.0,NAMANVE-GRID
2025-05-28,33.1,NAMANVE-GRID
2025-05-29,0.0,NAMANVE-GRID
2025-05-30,15.4,NAMANVE-GRID
2025-05-31,0.0,NAMANVE-GRID
2025-06-01,12.7,NAMANVE-GRID
2025-06-02,0.0,NAMANVE-GRID
2025-06-03,0.0,NAMANVE-GRID
2025-06-04,3.1,NAMANVE-GRID
2025-06-05,0.0,NAMANVE-GRID
2025-06-06,0.0,NAMANVE-GRID
2025-06-07,0.0,NAMANVE-GRID
2025-06-08,0.0,NAMANVE-GRID
2025-06-09,0.0,NAMANVE-GRID
2025-06-10,0.0,NAMANVE-GRID
2025-06-11,0.0,NAMANVE-GRID
2025-06-12,0.0,NAMANVE-GRID
2025-06-13,1.9,NAMANVE-GRID
2025-06-14,0.0,NAMANVE-GRID
2025-06-15,0.0,NAMANVE-GRID
2025-06-16,0.0,NAMANVE-GRID
2025-06-17,5.3,NAMANVE-GRID
2025-06-18,0.0,NAMANVE-GRID
2025-06-19,0.0,NAMANVE-GRID
2025-06-20,0.0,NAMANVE-GRID
2025-06-21,0.0,NAMANVE-GRID
2025-06-22,0.0,NAMANVE-GRID
2025-06-23,0.0,NAMANVE-GRID
2025-06-24,0.0,NAMANVE-GRID
2025-06-25,0.0,NAMANVE-GRID
2025-06-26,2.2,NAMANVE-GRID
2025-06-27,0.0,NAMANVE-GRID
2025-06-28,9.6,NAMANVE-GRID
2025-06-29,0.0,NAMANVE-GRID
2025-06-30,3.0,NAMANVE-GRID
2025-07-01,0.0,NAMANVE-GRID
2025-07-02,24.8,NAMANVE-GRID
2025-07-03,0.0,NAMANVE-GRID
2025-07-04,0.0,NAMANVE-GRID
2025-07-05,1.5,NAMANVE-GRID
2025-07-06,0.0,NAMANVE-GRID
2025-07-07,0.0,NAMANVE-GRID
2025-07-08,2.6,NAMANVE-GRID
2025-07-09,0.0,NAMANVE-GRID
2025-07-10,0.0,NAMANVE-GRID
2025-07-11,0.0,NAMANVE-GRID
2025-07-12,2.5,NAMANVE-GRID
2025-07-13,0.0,NAMANVE-GRID
2025-07-14,0.0,NAMANVE-GRID
2025-07-15,0.0,NAMANVE-GRID
2025-07-16,0.0,NAMANVE-GRID
2025-07-17,0.0,NAMANVE-GRID
2025-07-18,0.0,NAMANVE-GRID
2025-07-19,0.0,NAMANVE-GRID
2025-07-20,3.0,NAMANVE-GRID
2025-07-21,1.2,NAMANVE-GRID
2025-07-22,0.0,NAMANVE-GRID
2025-07-23,0.0,NAMANVE-GRID
2025-07-24,0.0,NAMANVE-GRID
2025-07-25,0.0,NAMANVE-GRID
2025-07-26,0.0,NAMANVE-GRID
2025-07-27,0.7,NAMANVE-GRID
2025-07-28,0.0,NAMANVE-GRID
2025-07-29,0.0,NAMANVE-GRID
2025-07-30,0.0,NAMANVE-GRID
2025-07-31,0.0,NAMANVE-GRID
2025-08-01,9.9,NAMANVE-GRID
2025-08-02,0.0,NAMANVE-GRID
2025-08-03,0.4,NAMANVE-GRID
2025-08-04,0.0,NAMANVE-GRID
2025-08-05,16.7,NAMANVE-GRID
2025-08-06,0.0,NAMANVE-GRID
2025-08-07,0.0,NAMANVE-GRID
2025-08-08,0.0,NAMANVE-GRID
2025-08-09,0.0,NAMANVE-GRID
2025-08-10,0.0,NAMANVE-GRID
2025-08-11,3.5,NAMANVE-GRID
2025-08-12,2.8,NAMANVE-GRID
2025-08-13,5.3,NAMANVE-GRID
2025-08-14,0.0,NAMANVE-GRID
2025-08-15,0.0,NAMANVE-GRID
2025-08-16,7.2,NAMANVE-GRID
2025-08-17,0.0,NAMANVE-GRID
2025-08-18,0.0,NAMANVE-GRID
2025-08-19,0.0,NAMANVE-GRID
2025-08-20,7.0,NAMANVE-GRID
2025-08-21,9.3,NAMANVE-GRID
2025-08-22,0.0,NAMANVE-GRID
2025-08-23,0.0,NAMANVE-GRID
2025-08-24,0.0,NAMANVE-GRID
2025-08-25,0.0,NAMANVE-GRID
2025-08-26,0.0,NAMANVE-GRID
2025-08-27,0.6,NAMANVE-GRID
2025-08-28,7.3,NAMANVE-GRID
2025-08-29,0.0,NAMANVE-GRID
2025-08-30,12.0,NAMANVE-GRID
2025-08-31,0.0,NAMANVE-GRID
2025-09-01,0.0,NAMANVE-GRID
2025-09-02,0.0,NAMANVE-GRID
2025-09-03,0.0,NAMANVE-GRID
2025-09-04,0.0,NAMANVE-GRID
2025-09-05,21.0,NAMANVE-GRID
2025-09-06,0.0,NAMANVE-GRID
2025-09-07,2.0,NAMANVE-GRID
2025-09-08,0.0,NAMANVE-GRID
2025-09-09,1.2,NAMANVE-GRID
2025-09-10,15.0,NAMANVE-GRID
2025-09-11,0.0,NAMANVE-GRID
2025-09-12,11.7,NAMANVE-GRID
2025-09-13,18.2,NAMANVE-GRID
2025-09-14,10.2,NAMANVE-GRID
2025-09-15,0.0,NAMANVE-GRID
2025-09-16,6.5,NAMANVE-GRID
2025-09-17,11.5,NAMANVE-GRID
2025-09-18,10.2,NAMANVE-GRID
2025-09-19,0.0,NAMANVE-GRID
2025-09-20,0.0,NAMANVE-GRID
2025-09-21,6.2,NAMANVE-GRID
2025-09-22,0.0,NAMANVE-GRID
2025-09-23,5.2,NAMANVE-GRID
2025-09-24,6.0,NAMANVE-GRID
2025-09-25,0.0,NAMANVE-GRID
2025-09-26,0.0,NAMANVE-GRID
2025-09-27,0.0,NAMANVE-GRID
2025-09-28,5.4,NAMANVE-GRID
2025-09-29,0.0,NAMANVE-GRID
2025-09-30,0.0,NAMANVE-GRID
2025-10-01,0.0,NAMANVE-GRID
2025-10-02,6.6,NAMANVE-GRID
2025-10-03,20.3,NAMANVE-GRID
2025-10-04,0.0,NAMANVE-GRID
2025-10-05,0.0,NAMANVE-GRID
2025-10-06,13.3,NAMANVE-GRID
2025-10-07,3.8,NAMANVE-GRID
2025-10-08,29.4,NAMANVE-GRID
2025-10-09,3.6,NAMANVE-GRID
2025-10-10,0.0,NAMANVE-GRID
2025-10-11,0.0,NAMANVE-GRID
2025-10-12,1.2,NAMANVE-GRID
2025-10-13,,NAMANVE-GRID
2025-10-14,0.0,NAMANVE-GRID
2025-10-15,0.7,NAMANVE-GRID
2025-10-16,0.0,NAMANVE-GRID
2025-10-17,0.0,NAMANVE-GRID
2025-10-18,3.0,NAMANVE-GRID
2025-10-19,21.3,NAMANVE-GRID
2025-10-20,4.0,NAMANVE-GRID
2025-10-21,16.2,NAMANVE-GRID
2025-10-22,0.0,NAMANVE-GRID
2025-10-23,,NAMANVE-GRID
2025-10-24,0.0,NAMANVE-GRID
2025-10-25,,NAMANVE-GRID
2025-10-26,14.5,NAMANVE-GRID
2025-10-27,0.0,NAMANVE-GRID
2025-10-28,0.9,NAMANVE-GRID
2025-10-29,3.1,NAMANVE-GRID
2025-10-30,1.7,NAMANVE-GRID
2025-10-31,0.0,NAMANVE-GRID
2025-11-01,0.0,NAMANVE-GRID
2025-11-02,0.0,NAMANVE-GRID
2025-11-03,16.2,NAMANVE-GRID
2025-11-04,0.0,NAMANVE-GRID
2025-11-05,9.3,NAMANVE-GRID
2025-11-06,,NAMANVE-GRID
2025-11-07,,NAMANVE-GRID
2025-11-08,0.0,NAMANVE-GRID
2025-11-09,,NAMANVE-GRID
2025-11-10,1.3,NAMANVE-GRID
2025-11-11,0.0,NAMANVE-GRID
2025-11-12,3.5,NAMANVE-GRID
2025-11-13,0.0,NAMANVE-GRID
2025-11-14,19.2,NAMANVE-GRID
2025-11-15,4.6,NAMANVE-GRID
2025-11-16,0.0,NAMANVE-GRID
2025-11-17,5.9,NAMANVE-GRID
2025-11-18,0.0,NAMANVE-GRID
2025-11-19,8.5,NAMANVE-GRID
2025-11-20,0.0,NAMANVE-GRID
2025-11-21,,NAMANVE-GRID
2025-11-22,42.2,NAMANVE-GRID
2025-11-23,0.0,NAMANVE-GRID
2025-11-24,13.6,NAMANVE-GRID
2025-11-25,27.2,NAMANVE-GRID
2025-11-26,0.0,NAMANVE-GRID
2025-11-27,0.0,NAMANVE-GRID
2025-11-28,0.0,NAMANVE-GRID
2025-11-29,6.5,NAMANVE-GRID
2025-11-30,49.4,NAMANVE-GRID
2025-12-01,0.0,NAMANVE-GRID
2025-12-02,0.2,NAMANVE-GRID
2025-12-03,10.1,NAMANVE-GRID
2025-12-04,0.0,NAMANVE-GRID
2025-12-05,0.0,NAMANVE-GRID
2025-12-06,0.0,NAMANVE-GRID
2025-12-07,0.0,NAMANVE-GRID
2025-12-08,0.0,NAMANVE-GRID
2025-12-09,2.3,NAMANVE-GRID
2025-12-10,,NAMANVE-GRID
2025-12-11,0.0,NAMANVE-GRID
2025-12-12,0.0,NAMANVE-GRID
2025-12-13,0.0,NAMANVE-GRID
2025-12-14,17.0,NAMANVE-GRID
2025-12-15,7.3,NAMANVE-GRID
2025-12-16,0.0,NAMANVE-GRID
2025-12-17,9.7,NAMANVE-GRID
2025-12-18,0.0,NAMANVE-GRID
2025-12-19,0.0,NAMANVE-GRID
2025-12-20,0.0,NAMANVE-GRID
2025-12-21,0.0,NAMANVE-GRID
2025-12-22,,NAMANVE-GRID
2025-12-23,0.0,NAMANVE-GRID
2025-12-24,0.0,NAMANVE-GRID
2025-12-25,0.0,NAMANVE-GRID
2025-12-26,0.8,NAMANVE-GRID
2025-12-27,5.9,NAMANVE-GRID
2025-12-28,10.1,NAMANVE-GRID
2025-12-29,7.9,NAMANVE-GRID
2025-12-30,0.0,NAMANVE-GRID
2025-12-31,0.0,NAMANVE-GRID
