date,event_type,severity
2024-01-10,ACCIDENT,2
2024-01-31,ROADWORKS,1
2024-03-22,ROADWORKS,1
2024-03-30,FLOODING,3
2024-04-03,FLOODING,2
2024-04-09,FLOODING,2
2024-05-01,ACCIDENT,1
2024-06-08,ROADWORKS,1
2024-06-17,ACCIDENT,1
2024-06-20,ACCIDENT,1
2024-08-08,ROADWORKS,1
2024-08-16,ACCIDENT,1
2024-09-05,ROADWORKS,1
2024-09-30,ACCIDENT,2
2024-10-03,ACCIDENT,1
2024-10-15,FLOODING,3
2024-10-17,ROADWORKS,1
2024-10-20,ROADWORKS,1
2024-12-13,ROADWORKS,1
2024-12-29,ROADWORKS,1
2025-01-05,ROADWORKS,1
2025-01-11,ROADWORKS,1
2025-01-20,ACCIDENT,1
2025-02-01,ROADWORKS,1
2025-03-08,ROADWORKS,1
2025-03-10,ROADWORKS,1
2025-03-20,ROADWORKS,1
2025-04-11,FLOODING,3
2025-04-28,ROADWORKS,1
2025-05-07,ACCIDENT,1
2025-05-16,ACCIDENT,2
2025-05-17,FLOODING,3
2025-05-20,ACCIDENT,1
2025-05-27,ROADWORKS,1
2025-07-16,ROADWORKS,1
2025-09-01,ACCIDENT,1
2025-09-09,ACCIDENT,2
2025-10-14,ACCIDENT,1
2025-11-02,ACCIDENT,2
2025-11-20,ROADWORKS,1
2025-11-20,ACCIDENT,2
